"# 10 s of raw CAN traffic through the CANdapter, captured 2026-10-06T22:42:02"
t_s,can_id,data_hex
0.031,1850F3F3,0200301617000dc4
0.047,6B1,00000000171700e7
0.078,1850F3F3,0002970019e76354
0.109,6B1,00000000171600e6
0.109,1850F3F3,0100000000000059
0.156,1850F3F3,0200301617000dc4
0.156,6B1,00000000171700e7
0.187,1850F3F3,0002970019e76354
0.219,6B1,00000000171600e6
0.234,1850F3F3,0100000000000059
0.266,6B1,00000000171700e7
0.281,1850F3F3,0200301617000dc4
0.328,1850F3F3,0002970019e76354
0.328,6B1,00000000171600e6
0.359,1850F3F3,0100000000000059
0.359,6B1,00000000171700e7
0.406,1850F3F3,0200301617000dc4
0.422,6B1,00000000171600e6
0.422,1850F3F3,0002970019e76354
0.469,6B1,00000000171700e7
0.469,1850F3F3,0100000000000059
0.516,1850F3F3,0200301617000dc4
0.531,6B1,00000000171600e6
0.547,1850F3F3,0002970019e76354
0.578,6B1,00000000171700e7
0.594,1850F3F3,0100000000000059
0.641,6B1,00000000171600e6
0.641,1850F3F3,0200301617000dc4
0.672,1850F3F3,0002970019e76354
0.672,6B1,00000000171700e7
0.719,1850F3F3,0100000000000059
0.734,6B1,00000000171600e6
0.75,1850F3F3,0200301617000dc4
0.781,6B1,00000000171600e6
0.797,1850F3F3,0002970019e76354
0.844,1850F3F3,0100000000000059
0.844,6B1,00000000171600e6
0.875,1850F3F3,0200301617000dc4
0.875,6B1,00000000171600e6
0.922,1850F3F3,0002970019e76354
0.937,6B1,00000000171600e6
0.937,1850F3F3,0100000000000059
0.984,6B1,00000000171600e6
0.984,1850F3F3,0200301617000dc4
1.031,1850F3F3,0002970019e76354
1.047,6B1,00000000171600e6
1.062,1850F3F3,0100000000000059
1.094,6B1,00000000171600e6
1.109,1850F3F3,0200301617000dc4
1.156,6B1,00000000171600e6
1.156,1850F3F3,0002970019e76354
1.187,1850F3F3,0100000000000059
1.187,6B1,00000000171600e6
1.234,1850F3F3,0200301617000dc4
1.25,6B1,00000000171600e6
1.281,1850F3F3,0002970019e76354
1.297,6B1,00000000171600e6
1.312,1850F3F3,0100000000000059
1.359,1850F3F3,0200301617000dc4
1.359,6B1,00000000171600e6
1.406,1850F3F3,0002970019e76354
1.406,6B1,00000000171600e6
1.437,1850F3F3,0100000000000059
1.469,6B1,00000000171600e6
1.484,1850F3F3,0200301617000dc4
1.5,6B1,00000000171600e6
1.5,1850F3F3,0002970019e76354
1.547,1850F3F3,0100000000000059
1.562,6B1,00000000171600e6
1.594,1850F3F3,0200301617000dc4
1.609,6B1,00000000171600e6
1.625,1850F3F3,0002970019e76354
1.672,6B1,00000000171600e6
1.672,1850F3F3,0100000000000059
1.719,1850F3F3,0200301617000dc4
1.719,6B1,00000000171600e6
1.75,1850F3F3,0002970019e76354
1.781,6B1,00000000171600e6
1.797,1850F3F3,0100000000000059
1.812,6B1,00000000171600e6
1.844,1850F3F3,0200301617000dc4
1.875,1850F3F3,0002970019e76354
1.875,6B1,00000000171600e6
1.922,1850F3F3,0100000000000059
1.922,6B1,00000000171600e6
1.969,1850F3F3,0200301617000dc4
1.984,6B1,00000000171600e6
2.0,1850F3F3,0002970019e76354
2.031,6B1,00000000171600e6
2.031,1850F3F3,0100000000000059
2.062,1850F3F3,0200301617000dc4
2.094,6B1,00000000171600e6
2.109,1850F3F3,0002970019e76354
2.125,6B1,00000000171600e6
2.156,1850F3F3,0100000000000059
2.187,6B1,00000000171600e6
2.187,1850F3F3,0200301617000dc4
2.234,1850F3F3,0002970019e76354
2.234,6B1,00000000171600e6
2.266,1850F3F3,0100000000000059
2.297,6B1,00000000171600e6
2.312,1850F3F3,0200301617000dc4
2.344,6B1,00000000171600e6
2.359,1850F3F3,0002970019e76354
2.406,1850F3F3,0100000000000059
2.406,6B1,00000000171600e6
2.437,1850F3F3,0200301617000dc4
2.437,6B1,00000000171600e6
2.484,1850F3F3,0002970019e76354
2.5,6B1,00000000171600e6
2.531,1850F3F3,0100000000000059
2.547,6B1,00000000171600e6
2.547,1850F3F3,0200301617000dc4
2.594,1850F3F3,0002970019e76354
2.609,6B1,00000000171600e6
2.625,1850F3F3,0100000000000059
2.641,6B1,00000000171600e6
2.672,1850F3F3,0200301617000dc4
2.703,6B1,00000000171600e6
2.703,1850F3F3,0002970019e76354
2.75,1850F3F3,0100000000000059
2.75,6B1,00000000171600e6
2.797,1850F3F3,0200301617000dc4
2.812,6B1,00000000171600e6
2.828,1850F3F3,0002970019e76354
2.859,6B1,00000000171600e6
2.875,1850F3F3,0100000000000059
2.922,1850F3F3,0200301617000dc4
2.922,6B1,00000000171600e6
2.953,1850F3F3,0002970019e76354
2.953,6B1,00000000171600e6
3.0,1850F3F3,0100000000000059
3.016,6B1,00000000171600e6
3.047,1850F3F3,0200301617000dc4
3.062,6B1,00000000171600e6
3.078,1850F3F3,0002970019e76354
3.109,1850F3F3,0100000000000059
3.125,6B1,00000000171600e6
3.141,1850F3F3,0200301617000dc4
3.172,6B1,00000000171600e6
3.187,1850F3F3,0002970019e76354
3.234,6B1,00000000171600e6
3.234,1850F3F3,0100000000000059
3.266,1850F3F3,0200301617000dc4
3.266,6B1,00000000171600e6
3.312,1850F3F3,0002970019e76354
3.328,6B1,00000000171600e6
3.359,1850F3F3,0100000000000059
3.375,6B1,00000000171600e6
3.391,1850F3F3,0200301617000dc4
3.437,1850F3F3,0002970019e76354
3.437,6B1,00000000171600e6
3.484,1850F3F3,0100000000000059
3.5,6B1,00000000171600e6
3.516,1850F3F3,0200301617000dc4
3.547,6B1,00000000171600e6
3.562,1850F3F3,0002970019e76354
3.578,6B1,00000000171600e6
3.609,1850F3F3,0100000000000059
3.625,1850F3F3,0200301617000dc4
3.641,6B1,00000000171600e6
3.672,1850F3F3,0002970019e76354
3.687,6B1,00000000171600e6
3.703,1850F3F3,0100000000000059
3.75,6B1,00000000171600e6
3.75,1850F3F3,0200301617000dc4
3.797,1850F3F3,0002970019e76354
3.812,6B1,00000000171700e7
3.828,1850F3F3,0100000000000059
3.859,6B1,00000000171600e6
3.875,1850F3F3,0200301617000dc4
3.891,6B1,00000000171700e7
3.922,1850F3F3,0002970019e76354
3.953,1850F3F3,0100000000000059
3.953,6B1,00000000171600e6
4.0,1850F3F3,0200301617000dc4
4.0,6B1,00000000171700e7
4.047,1850F3F3,0002970019e76354
4.062,6B1,00000000171600e6
4.078,1850F3F3,0100000000000059
4.109,6B1,00000000171700e7
4.125,1850F3F3,0200301617000dc4
4.141,1850F3F3,0002970019e76354
4.172,6B1,00000000171600e6
4.187,1850F3F3,0100000000000059
4.219,6B1,00000000171700e7
4.219,1850F3F3,0200301617000dc4
4.266,6B1,00000000171600e6
4.266,1850F3F3,0002970019e76354
4.312,1850F3F3,0100000000000059
4.328,6B1,00000000171700e7
4.344,1850F3F3,0200301617000dc4
4.375,6B1,00000000171600e6
4.391,1850F3F3,0002970019e76354
4.437,6B1,00000000171700e7
4.437,1850F3F3,0100000000000059
4.469,1850F3F3,0200301617000dc4
4.469,6B1,00000000171600e6
4.516,1850F3F3,0002970019e76354
4.531,6B1,00000000171700e7
4.562,1850F3F3,0100000000000059
4.578,6B1,00000000171600e6
4.609,1850F3F3,0200301617000dc4
4.625,6B1,00000000171700e7
4.641,1850F3F3,0002970019e76354
4.687,1850F3F3,0100000000000059
4.687,6B1,00000000171600e6
4.703,1850F3F3,0200301617000dc4
4.734,6B1,00000000171700e7
4.75,1850F3F3,0002970019e76354
4.781,6B1,00000000171600e6
4.781,1850F3F3,0100000000000059
4.828,1850F3F3,0200301617000dc4
4.844,6B1,00000000171600e6
4.875,1850F3F3,0002970019e76354
4.891,6B1,00000000171600e6
4.906,1850F3F3,0100000000000059
4.953,6B1,00000000171600e6
4.953,1850F3F3,0200301617000dc4
5.0,1850F3F3,0002970019e76354
5.0,6B1,00000000171600e6
5.031,1850F3F3,0100000000000059
5.062,6B1,00000000171600e6
5.078,1850F3F3,0200301617000dc4
5.094,6B1,00000000171600e6
5.125,1850F3F3,0002970019e76354
5.156,6B1,00000000171600e6
5.156,1850F3F3,0100000000000059
5.187,1850F3F3,0200301617000dc4
5.203,6B1,00000000171600e6
5.219,1850F3F3,0002970019e76354
5.25,6B1,00000000171600e6
5.266,1850F3F3,0100000000000059
5.312,6B1,00000000171600e6
5.312,1850F3F3,0200301617000dc4
5.344,1850F3F3,0002970019e76354
5.375,6B1,00000000171600e6
5.391,1850F3F3,0100000000000059
5.406,6B1,00000000171600e6
5.437,1850F3F3,0200301617000dc4
5.453,6B1,00000000171600e6
5.469,1850F3F3,0002970019e76354
5.516,1850F3F3,0100000000000059
5.516,6B1,00000000171600e6
5.562,1850F3F3,0200301617000dc4
5.562,6B1,00000000171600e6
5.594,1850F3F3,0002970019e76354
5.625,6B1,00000000171600e6
5.641,1850F3F3,0100000000000059
5.656,6B1,00000000171600e6
5.687,1850F3F3,0200301617000dc4
5.703,1850F3F3,0002970019e76354
5.719,6B1,00000000171600e6
5.75,1850F3F3,0100000000000059
5.766,6B1,00000000171600e6
5.781,1850F3F3,0200301617000dc4
5.828,6B1,00000000171600e6
5.828,1850F3F3,0002970019e76354
5.875,1850F3F3,0100000000000059
5.891,6B1,00000000171600e6
5.906,1850F3F3,0200301617000dc4
5.937,6B1,00000000171600e6
5.953,1850F3F3,0002970019e76354
6.0,6B1,00000000171600e6
6.0,1850F3F3,0100000000000059
6.031,1850F3F3,0200301617000dc4
6.031,6B1,00000000171600e6
6.078,1850F3F3,0002970019e76354
6.094,6B1,00000000171600e6
6.125,1850F3F3,0100000000000059
6.141,6B1,00000000171600e6
6.156,1850F3F3,0200301617000dc4
6.203,6B1,00000000171600e6
6.203,1850F3F3,0002970019e76354
6.25,1850F3F3,0100000000000059
6.25,6B1,00000000171600e6
6.266,1850F3F3,0200301617000dc4
6.312,6B1,00000000171600e6
6.312,1850F3F3,0002970019e76354
6.344,6B1,00000000171600e6
6.344,1850F3F3,0100000000000059
6.391,1850F3F3,0200301617000dc4
6.406,6B1,00000000171600e6
6.437,1850F3F3,0002970019e76354
6.453,6B1,00000000171600e6
6.469,1850F3F3,0100000000000059
6.516,6B1,00000000171600e6
6.516,1850F3F3,0200301617000dc4
6.547,1850F3F3,0002970019e76354
6.547,6B1,00000000171600e6
6.594,1850F3F3,0100000000000059
6.609,6B1,00000000171600e6
6.641,1850F3F3,0200301617000dc4
6.656,6B1,00000000171600e6
6.672,1850F3F3,0002970019e76354
6.719,6B1,00000000171600e6
6.719,1850F3F3,0100000000000059
6.766,1850F3F3,0200301617000dc4
6.766,6B1,00000000171600e6
6.797,1850F3F3,0002970019e76354
6.828,6B1,00000000171600e6
6.828,1850F3F3,0100000000000059
6.859,6B1,00000000171600e6
6.859,1850F3F3,0200301617000dc4
6.906,1850F3F3,0002970019e76354
6.922,6B1,00000000171600e6
6.953,1850F3F3,0100000000000059
6.969,6B1,00000000171600e6
6.984,1850F3F3,0200301617000dc4
7.031,6B1,00000000171600e6
7.031,1850F3F3,0002970019e76354
7.078,1850F3F3,0100000000000059
7.078,6B1,00000000171600e6
7.109,1850F3F3,0200301617000dc4
7.141,6B1,00000000171600e6
7.156,1850F3F3,0002970019e76354
7.172,6B1,00000000171600e6
7.203,1850F3F3,0100000000000059
7.234,6B1,00000000171600e6
7.234,1850F3F3,0200301617000dc4
7.281,1850F3F3,0002970019e76354
7.281,6B1,00000000171600e6
7.328,1850F3F3,0100000000000059
7.344,6B1,00000000171600e6
7.359,1850F3F3,0200301617000dc4
7.391,6B1,00000000171600e6
7.406,1850F3F3,0002970019e76354
7.422,1850F3F3,0100000000000059
7.453,6B1,00000000171600e6
7.469,1850F3F3,0200301617000dc4
7.484,6B1,00000000171600e6
7.516,1850F3F3,0002970019e76354
7.547,6B1,00000000171600e6
7.547,1850F3F3,0100000000000059
7.594,1850F3F3,0200301617000dc4
7.594,6B1,00000000171600e6
7.625,1850F3F3,0002970019e76354
7.656,6B1,00000000171600e6
7.672,1850F3F3,0100000000000059
7.719,6B1,00000000171600e6
7.719,1850F3F3,0200301617000dc4
7.75,6B1,00000000171600e6
7.75,1850F3F3,0002970019e76354
7.797,1850F3F3,0100000000000059
7.812,6B1,00000000171600e6
7.844,1850F3F3,0200301617000dc4
7.859,6B1,00000000171700e7
7.891,1850F3F3,0002970019e76354
7.906,6B1,00000000171600e6
7.922,1850F3F3,0100000000000059
7.953,1850F3F3,0200301617000dc4
7.969,6B1,00000000171700e7
7.984,1850F3F3,0002970019e76354
8.016,6B1,00000000171600e6
8.031,1850F3F3,0100000000000059
8.078,6B1,00000000171700e7
8.078,1850F3F3,0200301617000dc4
8.109,1850F3F3,0002970019e76354
8.109,6B1,00000000171600e6
8.156,1850F3F3,0100000000000059
8.172,6B1,00000000171700e7
8.203,1850F3F3,0200301617000dc4
8.219,6B1,00000000171600e6
8.234,1850F3F3,0002970019e76354
8.281,6B1,00000000171700e7
8.281,1850F3F3,0100000000000059
8.328,1850F3F3,0200301617000dc4
8.328,6B1,00000000171600e6
8.359,1850F3F3,0002970019e76354
8.391,6B1,00000000171700e7
8.391,1850F3F3,0100000000000059
8.422,6B1,00000000171600e6
8.422,1850F3F3,0200301617000dc4
8.469,1850F3F3,0002970019e76354
8.484,6B1,00000000171700e7
8.516,1850F3F3,0100000000000059
8.531,6B1,00000000171600e6
8.547,1850F3F3,0200301617000dc4
8.594,6B1,00000000171700e7
8.594,1850F3F3,0002970019e76354
8.625,1850F3F3,0100000000000059
8.625,6B1,00000000171600e6
8.672,1850F3F3,0200301617000dc4
8.687,6B1,00000000171700e7
8.719,1850F3F3,0002970019e76354
8.75,6B1,00000000171600e6
8.75,1850F3F3,0100000000000059
8.797,6B1,00000000171700e7
8.797,1850F3F3,0200301617000dc4
8.844,1850F3F3,0002970019e76354
8.859,6B1,00000000171600e6
8.875,1850F3F3,0100000000000059
8.906,6B1,00000000171700e7
8.922,1850F3F3,0200301617000dc4
8.969,6B1,00000000171600e6
8.969,1850F3F3,0002970019e76354
9.0,1850F3F3,0100000000000059
9.0,6B1,00000000171700e7
9.031,1850F3F3,0200301617000dc4
9.062,6B1,00000000171600e6
9.062,1850F3F3,0002970019e76354
9.109,6B1,00000000171700e7
9.109,1850F3F3,0100000000000059
9.156,1850F3F3,0200301617000dc4
9.172,6B1,00000000171600e6
9.187,1850F3F3,0002970019e76354
9.219,6B1,00000000171700e7
9.234,1850F3F3,0100000000000059
9.281,6B1,00000000171600e6
9.281,1850F3F3,0200301617000dc4
9.312,6B1,00000000171700e7
9.312,1850F3F3,0002970019e76354
9.359,1850F3F3,0100000000000059
9.375,6B1,00000000171600e6
9.406,1850F3F3,0200301617000dc4
9.422,6B1,00000000171700e7
9.437,1850F3F3,0002970019e76354
9.484,6B1,00000000171600e6
9.484,1850F3F3,0100000000000059
9.5,1850F3F3,0200301617000dc4
9.531,6B1,00000000171700e7
9.547,1850F3F3,0002970019e76354
9.594,6B1,00000000171600e6
9.594,1850F3F3,0100000000000059
9.625,6B1,00000000171700e7
9.625,1850F3F3,0200301617000dc4
9.672,1850F3F3,0002970019e76354
9.687,6B1,00000000171600e6
9.719,1850F3F3,0100000000000059
9.734,6B1,00000000171700e7
9.75,1850F3F3,0200301617000dc4
9.797,6B1,00000000171600e6
9.797,1850F3F3,0002970019e76354
9.828,6B1,00000000171600e6
9.828,1850F3F3,0100000000000059
9.875,1850F3F3,0200301617000dc4
9.891,6B1,00000000171600e6
9.922,1850F3F3,0002970019e76354
9.937,6B1,00000000171600e6
9.953,1850F3F3,0100000000000059
