# Orion BMS 2 per-cell readings via OBD2 PIDs F1nn/F3nn/F2nn, unit=master, ecu=0x7E3, captured 2026-10-06T22:42:02
cell,tesla_module,inst_voltage_V,open_cell_voltage_V,resistance_mOhm,balancing
1,1,3.7033,3.7032,0.76,0
2,1,3.7,3.6999,0.76,0
3,1,3.2748,3.2733,0.76,0
4,1,4.0226,4.0239,0.76,0
5,1,2.4612,2.4611,0.76,0
6,1,4.8992,4.8994,0.76,0
7,2,5.157,5.1599,0.76,0
8,2,2.2387,2.236,0.76,0
9,2,3.5933,3.5933,0.76,0
10,2,3.6881,3.688,0.76,0
11,2,3.6187,3.6186,0.76,0
12,2,3.6551,3.655,0.76,0
13,3,3.7023,3.7023,0.76,0
14,3,3.7023,3.7022,0.76,0
15,3,3.7015,3.7013,0.76,0
16,3,3.6983,3.6983,0.76,0
17,3,3.7019,3.7017,0.76,0
18,3,3.7026,3.7024,0.76,0
