# Orion BMS 2 per-cell readings via OBD2 PIDs F1nn/F3nn/F2nn, unit=slave, ecu=0x7E4, captured 2026-10-06T22:42:02
cell,tesla_module,inst_voltage_V,open_cell_voltage_V,resistance_mOhm,balancing
1,1,3.7012,3.7011,0.76,0
2,1,3.7029,3.7028,0.76,0
3,1,3.6714,3.6713,0.76,0
4,1,3.7046,3.7046,0.76,0
5,1,3.7033,3.7033,0.76,0
6,1,3.7045,3.7046,0.76,0
7,2,3.6822,3.6823,0.76,0
8,2,3.6807,3.6807,0.76,0
9,2,3.6451,3.6451,0.76,0
10,2,3.6792,3.6793,0.76,0
11,2,3.9096,3.9094,0.76,0
12,2,3.4091,3.409,0.76,0
13,3,3.6848,3.6848,0.76,0
14,3,3.6879,3.688,0.76,0
15,3,3.6863,3.6864,0.76,0
16,3,3.6882,3.6882,0.76,0
17,3,3.686,3.686,0.76,0
18,3,3.6874,3.6873,0.76,0
