"<html>DTC Code: <b>P0A04 - (Cell Open Wiring Fault)</b></html>",
"<html>Sub-code 1: <b>[INFB] (Cell #11 - Open Wire Detected (Loose, Broken Or High Impedance Connection))</B></html>",
"Firmware Version: 3.6.3",
"Serial Number: L59FA424",
"Time Since Power-On: 135.0",
"Time Since Faults Occurred: 0.0",
"Time Since Faults Cleared: 1.0",
"Is-Ready Power Status: 1.0",
"Is-Charging Power Status: 0.0",
"Multi-Purpose Input Status: 0.0",
"Multi-Purpose Input 2 Status: 0.0",
"Multi-Purpose Input 3 Status: 0.0",
"Always-On Power Status: 0.0",
"Errors Present: 0.0",
"Charge-Enable Output Active: 0.0",
"Discharge-Enable Output Active: 0.0",
"Charger-Safety Output Active: 0.0",
"Multi-Purpose Output Active: 0.0",
"Multi-Purpose Output 2 Active: 0.0",
"Multi-Purpose Output 3 Active: 0.0",
"Multi-Purpose Output 4 Active: 0.0",
"Multi-Purpose Enable Active: 0.0",
"DCL Reduced Due To SOC: 0.0",
"DCL Reduced Due To Cell Resistance: 1.0",
"DCL Reduced Due To Temperature: 0.0",
"DCL Reduced Due To Cell Voltage: 0.0",
"DCL Reduced Due To Pack Voltage: 0.0",
"Reduced Due To Voltage Failsafe: 0.0",
"Multi-Unit Comm Failsafe: 0.0",
"CCL Reduced Due To J1772: 0.0",
"CCL Reduced Due To SOC: 0.0",
"CCL Reduced Due To Cell Resistance: 0.0",
"CCL Reduced Due To Temperature: 0.0",
"CCL Reduced Due To Cell Voltage: 0.0",
"CCL Reduced Due To Pack Voltage: 0.0",
"CCL Zero Because Charge Complete: 0.0",
"Maximum cell number: 0.0",
"Pack Charge Current Limit (CCL): 100.0",
"Pack Charge Current Limit (CCL) kW: 6.7",
"Maximum Pack CCL: 100.0",
"Pack Discharge Current Limit (DCL): 11.0",
"Pack Discharge Current Limit (DCL) kW: 0.7",
"Maximum Pack DCL: 200.0",
"Pack Amperage (Current): 0.0",
"Average Pack Amperage: 0.0",
"Pack Voltage: 66.3",
"Summed Pack Voltage: 66.32",
"Pack Open-Circuit Voltage: 66.3",
"Pack State of Charge (SOC): 50.0",
"Pack Amp-hours: 115.0",
"Pack Resistance: 0.014",
"Pack Depth of Discharge (DOD): 50.0",
"Pack State of Health (SOH): 100.0",
"Total Pack Cycles: 4.0",
"Simulated Pack SOC: 0.0",
"Simulated Mode: 20.0",
"Requested Simulated Mode: 8.0",
"Highest Temperature ID: 1.0",
"Lowest Temperature ID: 5.0",
"Shortest Wave (Isolation): 0.0",
"Average Wave (Isolation): 5.0",
"Internal Heatsink Temperature: 21.0",
"CANBUS 1 Flags: 1.0",
"CANBUS 1 Errors Present: 0.0",
"CANBUS 2 Flags: 1.0",
"CANBUS 2 Errors Present: 0.0",
"J1772 Plug State: 1.0",
"J1772 AC Amp Limit: 0.0",
"J1772 AC Power Limit: 0.0",
"J1772 Proximity Detect Voltage: 0.0",
"J1772 AC Voltage (0v = N/A): 0.0",
"Low Temp ASIC ID: 11.0",
"Low Temp ASIC: 23.0",
"High Temp ASIC ID: 10.0",
"High Temp ASIC: 27.0",
"Low Temp RB ID: 10.0",
"Low Temp RB: 25.0",
"High Temp RB ID: 10.0",
"High Temp RB: 25.0",
"Low Temp Heatsink ID: 2.0",
"Low Temp Heatsink: 20.0",
"High Temp Heatsink ID: 1.0",
"High Temp Heatsink: 21.0",
"Highest battery temperature: 23.0",
"Lowest battery temperature: 22.0",
"Average battery temperature: 22.0",
"Actual fan speed (0-6): 0.0",
"Requested fan speed (0-6): 0.0",
"Vehicle Speed (KPH): 0.0",
"Vehicle Speed (MPH): 0.0",
"Precharge State: 0.0",
"Application DC Bus Voltage: 0.0",
"Parallel Unit Type: 0.0",
"Watchdog VRFY: 1.0",
"Main Temperature Sensor #1: 23.0",
"Main Temperature Sensor #2: 23.0",
"Main Temperature Sensor #3: 23.0",
"Main Temperature Sensor #4: 23.0",
"Main Temperature Sensor #5: 22.0",
"Main Temperature Sensor #6: 23.0",
"Main Temperature Sensor #7: 23.0",
"Main Temperature Sensor #8: 23.0",
"Lowest Cell Voltage: 3.411",
"Highest Cell Voltage: 3.91",
"Highest Cell Voltage ID: 11.0",
"Lowest Cell Voltage ID: 12.0",
"Highest Open Cell ID: 11.0",
"Lowest Open Cell ID: 12.0",
"Highest Resistance ID: 1.0",
"Lowest Resistance ID: 1.0",
"Observed State of Charge: 52.0",
"Observed Total Capacity: 230.0",
"Observed Previous Capacity: 230.0",
"Observed Amphours: 120.5",
"Average Cell Voltage: 3.685",
"Lowest Open Cell Voltage: 3.411",
"Highest Open Cell Voltage: 3.91",
"Average Open Cell Voltage: 3.685",
"Lowest Cell Resistance: 0.79",
"Highest Cell Resistance: 0.79",
"Average Cell Resistance: 0.79",
"8v Rail: 8.0",
"5v Rail: 5.0",
"3.3v Rail: 3.3",
"Current Sensor 5v Rail: 5.0",
"Power Supply (lower than actual): 12.2",
"Current Sensor ADC #1: 2048.0",
"Current Sensor ADC #2: 2048.0",
"Current Sensor Offset #1: 2048.0",
"Current Sensor Offset #2: 2048.0",
"Voltage From Fan Sensor (MPI3): 0.0",
"Cell Balancing Count: 0.0",
"Extended Balancing Active: 0.0",
"CANBUS Balance Override: 0.0",
"Cell Comm Fault Flags: 0.0",
"Total Historical Runtime (Sec): 41439.0",
"DTC Flag Status: 0.0",
"Inst. Cell 1: 3.702",
"Inst. Cell 2: 3.704",
"Inst. Cell 3: 3.672",
"Inst. Cell 4: 3.705",
"Inst. Cell 5: 3.704",
"Inst. Cell 6: 3.706",
"Inst. Cell 7: 3.683",
"Inst. Cell 8: 3.682",
"Inst. Cell 9: 3.646",
"Inst. Cell 10: 3.68",
"Inst. Cell 11: 3.91",
"Inst. Cell 12: 3.411",
"Inst. Cell 13: 3.685",
"Inst. Cell 14: 3.689",
"Inst. Cell 15: 3.687",
"Inst. Cell 16: 3.689",
"Inst. Cell 17: 3.687",
"Inst. Cell 18: 3.688",
"Inst. Cell 19: 0.0",
"Inst. Cell 20: 0.0",
"Inst. Cell 21: 0.0",
"Inst. Cell 22: 0.0",
"Inst. Cell 23: 0.0",
"Inst. Cell 24: 0.0",
"Inst. Cell 25: 0.0",
"Inst. Cell 26: 0.0",
"Inst. Cell 27: 0.0",
"Inst. Cell 28: 0.0",
"Inst. Cell 29: 0.0",
"Inst. Cell 30: 0.0",
"Inst. Cell 31: 0.0",
"Inst. Cell 32: 0.0",
"Inst. Cell 33: 0.0",
"Inst. Cell 34: 0.0",
"Inst. Cell 35: 0.0",
"Inst. Cell 36: 0.0",
"Open Cell 1: 3.702",
"Open Cell 2: 3.704",
"Open Cell 3: 3.672",
"Open Cell 4: 3.705",
"Open Cell 5: 3.704",
"Open Cell 6: 3.705",
"Open Cell 7: 3.683",
"Open Cell 8: 3.682",
"Open Cell 9: 3.646",
"Open Cell 10: 3.68",
"Open Cell 11: 3.91",
"Open Cell 12: 3.411",
"Open Cell 13: 3.685",
"Open Cell 14: 3.689",
"Open Cell 15: 3.687",
"Open Cell 16: 3.689",
"Open Cell 17: 3.687",
"Open Cell 18: 3.688",
"Open Cell 19: 0.0",
"Open Cell 20: 0.0",
"Open Cell 21: 0.0",
"Open Cell 22: 0.0",
"Open Cell 23: 0.0",
"Open Cell 24: 0.0",
"Open Cell 25: 0.0",
"Open Cell 26: 0.0",
"Open Cell 27: 0.0",
"Open Cell 28: 0.0",
"Open Cell 29: 0.0",
"Open Cell 30: 0.0",
"Open Cell 31: 0.0",
"Open Cell 32: 0.0",
"Open Cell 33: 0.0",
"Open Cell 34: 0.0",
"Open Cell 35: 0.0",
"Open Cell 36: 0.0",
"Cell Resistance 1: 0.79",
"Cell Resistance 2: 0.79",
"Cell Resistance 3: 0.79",
"Cell Resistance 4: 0.79",
"Cell Resistance 5: 0.79",
"Cell Resistance 6: 0.79",
"Cell Resistance 7: 0.79",
"Cell Resistance 8: 0.79",
"Cell Resistance 9: 0.79",
"Cell Resistance 10: 0.79",
"Cell Resistance 11: 0.79",
"Cell Resistance 12: 0.79",
"Cell Resistance 13: 0.79",
"Cell Resistance 14: 0.79",
"Cell Resistance 15: 0.79",
"Cell Resistance 16: 0.79",
"Cell Resistance 17: 0.79",
"Cell Resistance 18: 0.79",
"Cell Resistance 19: 0.79",
"Cell Resistance 20: 0.79",
"Cell Resistance 21: 0.79",
"Cell Resistance 22: 0.79",
"Cell Resistance 23: 0.79",
"Cell Resistance 24: 0.79",
"Cell Resistance 25: 0.79",
"Cell Resistance 26: 0.79",
"Cell Resistance 27: 0.79",
"Cell Resistance 28: 0.79",
"Cell Resistance 29: 0.79",
"Cell Resistance 30: 0.79",
"Cell Resistance 31: 0.79",
"Cell Resistance 32: 0.79",
"Cell Resistance 33: 0.79",
"Cell Resistance 34: 0.79",
"Cell Resistance 35: 0.79",
"Cell Resistance 36: 0.79",
